source_node_id,source_name,node_type,floor,source_x,source_y,map_asset_id,x,y,room_code,location_kind,category,name_th,name_verification,disposition,reason,flags
LC3_entry_101,entry_101,entrance,1,581,190,,,,,,,,,exclude_out_of_scope,routing_topology_out_of_v1_scope,
"LC3_entry_101/1,104","entry_101/1,104",entrance,1,336,76,,,,,,,,,exclude_out_of_scope,routing_topology_out_of_v1_scope,
LC3_entry_101/2,entry_101/2,entrance,1,381,76,,,,,,,,,exclude_out_of_scope,routing_topology_out_of_v1_scope,
LC3_entry_102/1,entry_102/1,entrance,1,477,76,,,,,,,,,exclude_out_of_scope,routing_topology_out_of_v1_scope,
LC3_entry_102/2,entry_102/2,entrance,1,445,76,,,,,,,,,exclude_out_of_scope,routing_topology_out_of_v1_scope,
LC3_entry_103,entry_103,entrance,1,400,76,,,,,,,,,exclude_out_of_scope,routing_topology_out_of_v1_scope,
"LC3_entry_104/1,105","entry_104/1,105",entrance,1,287,76,,,,,,,,,exclude_out_of_scope,routing_topology_out_of_v1_scope,
LC3_entry_105,entry_105,entrance,1,153,357,,,,,,,,,exclude_out_of_scope,routing_topology_out_of_v1_scope,
LC3_entry_106,entry_106,entrance,1,238,76,,,,,,,,,exclude_out_of_scope,routing_topology_out_of_v1_scope,
LC3_entry_107,entry_107,entrance,1,211,76,,,,,,,,,exclude_out_of_scope,routing_topology_out_of_v1_scope,
LC3_entry_108,entry_108,entrance,1,176,76,,,,,,,,,exclude_out_of_scope,routing_topology_out_of_v1_scope,
"LC3_entry_108/1,109","entry_108/1,109",entrance,1,132,50,,,,,,,,,exclude_out_of_scope,routing_topology_out_of_v1_scope,
LC3_entry_110,entry_110,entrance,1,153,102,,,,,,,,,exclude_out_of_scope,routing_topology_out_of_v1_scope,
LC3_entry_111,entry_111,entrance,1,153,170,,,,,,,,,exclude_out_of_scope,routing_topology_out_of_v1_scope,
LC3_entry_116,entry_116,entrance,1,153,423,,,,,,,,,exclude_out_of_scope,routing_topology_out_of_v1_scope,
LC3_entry_117,entry_117,entrance,1,131,483,,,,,,,,,exclude_out_of_scope,routing_topology_out_of_v1_scope,
"LC3_entry_118,119","entry_118,119",entrance,1,184,444,,,,,,,,,exclude_out_of_scope,routing_topology_out_of_v1_scope,
"LC3_entry_118/1,119/2","entry_118/1,119/2",entrance,1,227,444,,,,,,,,,exclude_out_of_scope,routing_topology_out_of_v1_scope,
LC3_entry_119/1,entry_119/1,entrance,1,206,444,,,,,,,,,exclude_out_of_scope,routing_topology_out_of_v1_scope,
LC3_entry_119/3,entry_119/3,entrance,1,251,444,,,,,,,,,exclude_out_of_scope,routing_topology_out_of_v1_scope,
LC3_entry_119/4,entry_119/4,entrance,1,272,444,,,,,,,,,exclude_out_of_scope,routing_topology_out_of_v1_scope,
"LC3_entry_119/5,120","entry_119/5,120",entrance,1,292,444,,,,,,,,,exclude_out_of_scope,routing_topology_out_of_v1_scope,
"LC3_entry_121,122","entry_121,122",entrance,1,368,444,,,,,,,,,exclude_out_of_scope,routing_topology_out_of_v1_scope,
"LC3_entry_121/1,121/2","entry_121/1,121/2",entrance,1,438,471,,,,,,,,,exclude_out_of_scope,routing_topology_out_of_v1_scope,
LC3_entry_121/3,entry_121/3,entrance,1,487,470,,,,,,,,,exclude_out_of_scope,routing_topology_out_of_v1_scope,
LC3_entry_121/4,entry_121/4,entrance,1,718,444,,,,,,,,,exclude_out_of_scope,routing_topology_out_of_v1_scope,
LC3_entry_121/5,entry_121/5,entrance,1,765,444,,,,,,,,,exclude_out_of_scope,routing_topology_out_of_v1_scope,
"LC3_entry_122/1,122/2","entry_122/1,122/2",entrance,1,438,421,,,,,,,,,exclude_out_of_scope,routing_topology_out_of_v1_scope,
LC3_entry_122/2-5,entry_122/2-5,entrance,1,496,422,,,,,,,,,exclude_out_of_scope,routing_topology_out_of_v1_scope,
LC3_entry_122/6,entry_122/6,entrance,1,554,423,,,,,,,,,exclude_out_of_scope,routing_topology_out_of_v1_scope,
LC3_entry_123,entry_123,entrance,1,798,444,,,,,,,,,exclude_out_of_scope,routing_topology_out_of_v1_scope,
LC3_entry_123/1,entry_123/1,entrance,1,798,508,,,,,,,,,exclude_out_of_scope,routing_topology_out_of_v1_scope,
LC3_entry_124/2,entry_124/2,entrance,1,966,426,,,,,,,,,exclude_out_of_scope,routing_topology_out_of_v1_scope,
"LC3_entry_125,126","entry_125,126",entrance,1,1033,628,,,,,,,,,exclude_out_of_scope,routing_topology_out_of_v1_scope,
LC3_entry_127,entry_127,entrance,1,1011,509,,,,,,,,,exclude_out_of_scope,routing_topology_out_of_v1_scope,
LC3_entry_128,entry_128,entrance,1,1052,509,,,,,,,,,exclude_out_of_scope,routing_topology_out_of_v1_scope,
LC3_entry_129,entry_129,entrance,1,1096,509,,,,,,,,,exclude_out_of_scope,routing_topology_out_of_v1_scope,
LC3_entry_130,entry_130,entrance,1,1043,318,,,,,,,,,exclude_out_of_scope,routing_topology_out_of_v1_scope,
LC3_entry_131,entry_131,entrance,1,1063,318,,,,,,,,,exclude_out_of_scope,routing_topology_out_of_v1_scope,
LC3_entry_132,entry_132,entrance,1,1098,400,,,,,,,,,exclude_out_of_scope,routing_topology_out_of_v1_scope,
LC3_entry_135,entry_135,entrance,1,1020,173,,,,,,,,,exclude_out_of_scope,routing_topology_out_of_v1_scope,
LC3_entry_136,entry_136,entrance,1,1020,121,,,,,,,,,exclude_out_of_scope,routing_topology_out_of_v1_scope,
LC3_entry_137/1,entry_137/1,entrance,1,976,121,,,,,,,,,exclude_out_of_scope,routing_topology_out_of_v1_scope,
LC3_entry_137/2,entry_137/2,entrance,1,914,121,,,,,,,,,exclude_out_of_scope,routing_topology_out_of_v1_scope,
LC3_entry_137/3,entry_137/3,entrance,1,846,121,,,,,,,,,exclude_out_of_scope,routing_topology_out_of_v1_scope,
LC3_entry_138,entry_138,entrance,1,793,121,,,,,,,,,exclude_out_of_scope,routing_topology_out_of_v1_scope,
"LC3_entry_139,140","entry_139,140",entrance,1,762,94,,,,,,,,,exclude_out_of_scope,routing_topology_out_of_v1_scope,
LC3_entry_141,entry_141,entrance,1,750,169,,,,,,,,,exclude_out_of_scope,routing_topology_out_of_v1_scope,
LC3_entry_TLLF,entry_TLLF,entrance,1,153,316,,,,,,,,,exclude_out_of_scope,routing_topology_out_of_v1_scope,
LC3_entry_TLLM,entry_TLLM,entrance,1,153,267,,,,,,,,,exclude_out_of_scope,routing_topology_out_of_v1_scope,
LC3_Junction_LStair,Junction_LStair,junction,1,153,300,,,,,,,,,exclude_out_of_scope,routing_topology_out_of_v1_scope,
LC3_Junction_MidBridge,Junction_MidBridge,junction,1,591,251,,,,,,,,,exclude_out_of_scope,routing_topology_out_of_v1_scope,
LC3_Junction_MStair,Junction_MStair,junction,1,582,251,,,,,,,,,exclude_out_of_scope,routing_topology_out_of_v1_scope,
LC3_Junction_NL1,Junction_NL1,junction,1,132,76,,,,,,,,,exclude_out_of_scope,routing_topology_out_of_v1_scope,
LC3_Junction_NL2,Junction_NL2,junction,1,153,76,,,,,,,,,exclude_out_of_scope,routing_topology_out_of_v1_scope,
LC3_Junction_NM,Junction_NM,junction,1,581,76,,,,,,,,,exclude_out_of_scope,routing_topology_out_of_v1_scope,
LC3_Junction_NM1,Junction_NM1,junction,1,581,126,,,,,,,,,exclude_out_of_scope,routing_topology_out_of_v1_scope,
LC3_Junction_NM2,Junction_NM2,junction,1,581,214,,,,,,,,,exclude_out_of_scope,routing_topology_out_of_v1_scope,
LC3_Junction_NM3,Junction_NM3,junction,1,600,214,,,,,,,,,exclude_out_of_scope,routing_topology_out_of_v1_scope,
LC3_Junction_NM4,Junction_NM4,junction,1,600,251,,,,,,,,,exclude_out_of_scope,routing_topology_out_of_v1_scope,
LC3_Junction_NM5,Junction_NM5,junction,1,622,214,,,,,,,,,exclude_out_of_scope,routing_topology_out_of_v1_scope,
LC3_Junction_NM6,Junction_NM6,junction,1,622,249,,,,,,,,,exclude_out_of_scope,routing_topology_out_of_v1_scope,
LC3_Junction_NM7,Junction_NM7,junction,1,750,250,,,,,,,,,exclude_out_of_scope,routing_topology_out_of_v1_scope,
LC3_Junction_NR1,Junction_NR1,junction,1,762,121,,,,,,,,,exclude_out_of_scope,routing_topology_out_of_v1_scope,
LC3_Junction_QR1-1,Junction_QR1-1,junction,1,592,394,,,,,,,,,exclude_out_of_scope,routing_topology_out_of_v1_scope,
LC3_Junction_QR4-1,Junction_QR4-1,junction,1,1020,372,,,,,,,,,exclude_out_of_scope,routing_topology_out_of_v1_scope,
LC3_Junction_RRoundabout,Junction_RRoundabout,junction,1,916,294,,,,,,,,,exclude_out_of_scope,routing_topology_out_of_v1_scope,
LC3_Junction_RRoundabout1,Junction_RRoundabout1,junction,1,830,294,,,,,,,,,exclude_out_of_scope,routing_topology_out_of_v1_scope,
LC3_Junction_RRoundabout2,Junction_RRoundabout2,junction,1,830,250,,,,,,,,,exclude_out_of_scope,routing_topology_out_of_v1_scope,
LC3_Junction_RRoundabout3,Junction_RRoundabout3,junction,1,1020,294,,,,,,,,,exclude_out_of_scope,routing_topology_out_of_v1_scope,
LC3_Junction_RStair,Junction_RStair,junction,1,1020,283,,,,,,,,,exclude_out_of_scope,routing_topology_out_of_v1_scope,
LC3_Junction_SL1,Junction_SL1,junction,1,131,444,,,,,,,,,exclude_out_of_scope,routing_topology_out_of_v1_scope,
LC3_Junction_SL2,Junction_SL2,junction,1,153,444,,,,,,,,,exclude_out_of_scope,routing_topology_out_of_v1_scope,
LC3_Junction_SM,Junction_SM,junction,1,592,444,,,,,,,,,exclude_out_of_scope,routing_topology_out_of_v1_scope,
LC3_Junction_SM1,Junction_SM1,junction,1,438,444,,,,,,,,,exclude_out_of_scope,routing_topology_out_of_v1_scope,
LC3_Junction_SM2,Junction_SM2,junction,1,492,444,,,,,,,,,exclude_out_of_scope,routing_topology_out_of_v1_scope,
LC3_Junction_SM3,Junction_SM3,junction,1,554,444,,,,,,,,,exclude_out_of_scope,routing_topology_out_of_v1_scope,
LC3_Junction_SM4,Junction_SM4,junction,1,798,400,,,,,,,,,exclude_out_of_scope,routing_topology_out_of_v1_scope,
LC3_Junction_SR1,Junction_SR1,junction,1,1020,400,,,,,,,,,exclude_out_of_scope,routing_topology_out_of_v1_scope,
LC3_Junction_SR2,Junction_SR2,junction,1,966,400,,,,,,,,,exclude_out_of_scope,routing_topology_out_of_v1_scope,
LC3_Junction_SR3,Junction_SR3,junction,1,915,400,,,,,,,,,exclude_out_of_scope,routing_topology_out_of_v1_scope,
LC3_Junction_SR4,Junction_SR4,junction,1,967,509,,,,,,,,,exclude_out_of_scope,routing_topology_out_of_v1_scope,
LC3_Junction_SR5,Junction_SR5,junction,1,1033,509,,,,,,,,,exclude_out_of_scope,routing_topology_out_of_v1_scope,
LC3_Junction_TLRF,Junction_TLRF,junction,1,1020,268,,,,,,,,,exclude_out_of_scope,routing_topology_out_of_v1_scope,
LC3_Junction_TLRM,Junction_TLRM,junction,1,1020,318,,,,,,,,,exclude_out_of_scope,routing_topology_out_of_v1_scope,
LC3_QR1,QR1,room,1,609,394,,,,,,,,,exclude_out_of_scope,qr_anchor_not_a_room,
LC3_QR2,QR2,room,1,169,329,,,,,,,,,exclude_out_of_scope,qr_anchor_not_a_room,
LC3_QR3,QR3,room,1,541,126,,,,,,,,,exclude_out_of_scope,qr_anchor_not_a_room,
LC3_QR4,QR4,room,1,1039,372,,,,,,,,,exclude_out_of_scope,qr_anchor_not_a_room,
LC3_LFToilet,LFToilet,facility,1,87,316,lc3-floor-1,127,356,,poi,toilet,ห้องน้ำหญิง (ฝั่งซ้าย),inferred,include,,
LC3_LMToilet,LMToilet,facility,1,88,267,lc3-floor-1,128,307,,poi,toilet,ห้องน้ำชาย (ฝั่งซ้าย),inferred,include,,
LC3_RFToilet,RFToilet,facility,1,1102,268,lc3-floor-1,1142,308,,poi,toilet,ห้องน้ำหญิง (ฝั่งขวา),inferred,include,,
LC3_RMToilet,RMToilet,facility,1,1105,318,lc3-floor-1,1145,358,,poi,toilet,ห้องน้ำชาย (ฝั่งขวา),inferred,include,,
LC3_stair-1,stair-1,stairs,1,120,300,lc3-floor-1,160,340,,poi,stairs,บันได 1,inferred,include,,
LC3_stair-2,stair-2,stairs,1,582,230,lc3-floor-1,622,270,,poi,stairs,บันได 2,inferred,include,,
LC3_stair-3,stair-3,stairs,1,1062,283,lc3-floor-1,1102,323,,poi,stairs,บันได 3,inferred,include,,
LC3_101,101,room,1,503,190,lc3-floor-1,543,230,LC3-101,room,faculty_office,ห้องพักอาจารย์ (คณิตศาสตร์และสถิติ),from_source,include,,
LC3_101/1,101/1,room,1,336,112,lc3-floor-1,376,152,LC3-101/1,room,lecture_room,ห้องบรรยาย 4 (วิทยาศาสตร์สิ่งแวดล้อม),from_source,include,,
LC3_101/2,101/2,room,1,381,112,lc3-floor-1,421,152,LC3-101/2,room,seminar_room,ห้องสัมมนาบัณฑิตศึกษา (คณิตศาสตร์และสถิติ),from_source,include,,
LC3_102/1,102/1,room,1,477,44,lc3-floor-1,517,84,LC3-102/1,room,seminar_room,ห้องสัมมนาบัณฑิตศึกษา (คณิตศาสตร์และสถิติ),from_source,include,,
LC3_102/2,102/2,room,1,445,45,lc3-floor-1,485,85,LC3-102/2,room,seminar_room,ห้องสัมมนาบัณฑิตศึกษา (คณิตศาสตร์และสถิติ),from_source,include,,
LC3_103,103,room,1,400,45,lc3-floor-1,440,85,LC3-103,room,lecture_room,ห้องบรรยายเรียนรวม,from_source,include,,
LC3_104,104,room,1,336,46,lc3-floor-1,376,86,LC3-104,room,lecture_room,ห้องบรรยายเรียนรวม,from_source,include,,
LC3_104/1,104/1,room,1,287,46,lc3-floor-1,327,86,LC3-104/1,room,student_room,ห้องพักนักศึกษาระดับบัณฑิตศึกษา (วิทยาศาสตร์สิ่งแวดล้อม),from_source,include,,
LC3_105,105,room,1,287,114,lc3-floor-1,327,154,LC3-105,room,lecture_room,ห้องบรรยายเรียนรวม,from_source,include,,
LC3_106,106,room,1,238,47,lc3-floor-1,278,87,LC3-106,room,lecture_room,ห้องบรรยายเรียนรวม,from_source,include,,
LC3_107,107,room,1,211,111,lc3-floor-1,251,151,LC3-107,room,lecture_room,ห้องบรรยายเรียนรวม,from_source,include,,
LC3_108,108,room,1,176,47,lc3-floor-1,216,87,LC3-108,room,lecture_room,ห้องบรรยายเรียนรวม,from_source,include,,
LC3_108/1,108/1,room,1,132,31,lc3-floor-1,172,71,LC3-108/1,room,staff_room,ห้องเจ้าหน้าที่,from_source,include,,
LC3_109,109,room,1,85,50,lc3-floor-1,125,90,LC3-109,room,lecture_room,ห้องบรรยายเรียนรวม,from_source,include,,
LC3_110,110,room,1,82,102,lc3-floor-1,122,142,LC3-110,room,lecture_room,ห้องบรรยายเรียนรวม,from_source,include,,
LC3_111,111,room,1,83,169,lc3-floor-1,123,209,LC3-111,room,lecture_room,ห้องบรรยายเรียนรวม,from_source,include,,
LC3_115,115,room,1,84,357,lc3-floor-1,124,397,LC3-115,room,seminar_room,ห้องสัมมนาทางคณิตศาสตร์และสถิติ,from_source,include,,
LC3_116,116,room,1,84,423,lc3-floor-1,124,463,LC3-116,room,lecture_room,ห้องบรรยายเรียนรวม,from_source,include,,
LC3_117,117,room,1,88,483,lc3-floor-1,128,523,LC3-117,room,lecture_room,ห้องบรรยายเรียนรวม,from_source,include,,
LC3_118,118,room,1,184,490,lc3-floor-1,224,530,LC3-118,room,lecture_room,ห้องบรรยายเรียนรวม,from_source,include,,
LC3_118/1,118/1,room,1,227,491,lc3-floor-1,267,531,LC3-118/1,room,lecture_room,ห้องบรรยายเรียนรวม,from_source,include,,
LC3_119,119,room,1,184,420,lc3-floor-1,224,460,LC3-119,room,faculty_office,ห้องพักอาจารย์ (คณิตศาสตร์และสถิติ),from_source,include,,
LC3_119/1,119/1,room,1,205,419,lc3-floor-1,245,459,LC3-119/1,room,faculty_office,ห้องพักอาจารย์ (คณิตศาสตร์และสถิติ),from_source,include,,
LC3_119/2,119/2,room,1,227,419,lc3-floor-1,267,459,LC3-119/2,room,faculty_office,ห้องพักอาจารย์ (คณิตศาสตร์และสถิติ),from_source,include,,
LC3_119/3,119/3,room,1,250,418,lc3-floor-1,290,458,LC3-119/3,room,faculty_office,ห้องพักอาจารย์ (คณิตศาสตร์และสถิติ),from_source,include,,
LC3_119/4,119/4,room,1,272,420,lc3-floor-1,312,460,LC3-119/4,room,faculty_office,ห้องพักอาจารย์ (คณิตศาสตร์และสถิติ),from_source,include,,
LC3_119/5,119/5,room,1,293,420,lc3-floor-1,333,460,LC3-119/5,room,faculty_office,ห้องพักอาจารย์ (คณิตศาสตร์และสถิติ),from_source,include,,
LC3_120,120,room,1,289,488,lc3-floor-1,329,528,LC3-120,room,storage,ห้องเก็บของ,from_source,include,,
LC3_121,121,room,1,368,491,lc3-floor-1,408,531,LC3-121,room,lecture_room,ห้องบรรยายเรียนรวม,from_source,include,,
LC3_121/1,121/1,room,1,438,496,lc3-floor-1,478,536,LC3-121/1,room,faculty_office,ห้องพักอาจารย์ (คณิตศาสตร์และสถิติ),from_source,include,,
LC3_121/2,121/2,room,1,464,471,lc3-floor-1,504,511,LC3-121/2,room,faculty_office,ห้องพักอาจารย์ (คณิตศาสตร์และสถิติ),from_source,include,,
LC3_121/3,121/3,room,1,487,496,lc3-floor-1,527,536,LC3-121/3,room,faculty_office,ห้องพักอาจารย์ (คณิตศาสตร์และสถิติ),from_source,include,,
LC3_121/4,121/4,room,1,718,481,lc3-floor-1,758,521,LC3-121/4,room,service_room,ห้องโครงการให้คำปรึกษาทางสถิติเพื่อการวิจัย / ห้องสมาคมศิษย์เก่า คณะวิทยาศาสตร์และเทคโนโลยี,from_source,include,,
LC3_121/5,121/5,room,1,765,479,lc3-floor-1,805,519,LC3-121/5,room,faculty_office,ห้องพักอาจารย์ (ฟิสิกส์),from_source,include,,
LC3_122,122,room,1,368,418,lc3-floor-1,408,458,LC3-122,room,lecture_room,ห้องบรรยายเรียนรวม,from_source,include,,
LC3_122/1,122/1,room,1,438,401,lc3-floor-1,478,441,LC3-122/1,room,staff_room,ห้องเจ้าหน้าที่,from_source,include,,
LC3_122/2,122/2,room,1,463,421,lc3-floor-1,503,461,LC3-122/2,room,faculty_office,ห้องพักอาจารย์ (คณิตศาสตร์และสถิติ),from_source,include,,
LC3_122/3,122/3,room,1,487,402,lc3-floor-1,527,442,LC3-122/3,room,faculty_office,ห้องพักอาจารย์ (คณิตศาสตร์และสถิติ),from_source,include,,
LC3_122/4,122/4,room,1,504,402,lc3-floor-1,544,442,LC3-122/4,room,faculty_office,ห้องพักอาจารย์ (คณิตศาสตร์และสถิติ),from_source,include,,
LC3_122/5,122/5,room,1,528,422,lc3-floor-1,568,462,LC3-122/5,room,faculty_office,ห้องพักอาจารย์ (คณิตศาสตร์และสถิติ),from_source,include,,
LC3_122/6,122/6,room,1,554,403,lc3-floor-1,594,443,LC3-122/6,room,faculty_office,ห้องพักอาจารย์ (คณิตศาสตร์และสถิติ),from_source,include,,
LC3_123,123,room,1,845,444,lc3-floor-1,885,484,LC3-123,room,faculty_office,ห้องพักอาจารย์ (ฟิสิกส์),from_source,include,,
LC3_123/1,123/1,room,1,847,508,lc3-floor-1,887,548,LC3-123/1,room,faculty_office,ห้องพักอาจารย์ (ฟิสิกส์),from_source,include,,
LC3_124/1,124/1,room,1,914,493,lc3-floor-1,954,533,LC3-124/1,room,research_room,ห้องวิจัยพลาสมาและนิวเคลียร์ฟิวชัน,from_source,include,,
LC3_124/2,124/2,room,1,914,426,lc3-floor-1,954,466,LC3-124/2,room,research_room,ห้องวิจัยพลาสมาและนิวเคลียร์ฟิวชัน,from_source,include,,
LC3_125,125,room,1,997,628,lc3-floor-1,1037,668,LC3-125,room,unknown,,pending_survey,include,missing_thai_name_verify_on_site,needs_field_validation
LC3_125/1,125/1,room,1,998,593,lc3-floor-1,1038,633,LC3-125/1,room,storage,ห้องเก็บของ,from_source,include,,
LC3_126,126,room,1,1087,628,lc3-floor-1,1127,668,LC3-126,room,unknown,,pending_survey,include,missing_thai_name_verify_on_site,needs_field_validation
LC3_127,127,room,1,1011,477,lc3-floor-1,1051,517,LC3-127,room,faculty_office,ห้องพักอาจารย์ (ฟิสิกส์),from_source,include,,
LC3_128,128,room,1,1052,476,lc3-floor-1,1092,516,LC3-128,room,laboratory,ห้องปฏิบัติการอิเล็กทรอนิกส์,from_source,include,,
LC3_129,129,room,1,1096,476,lc3-floor-1,1136,516,LC3-129,room,laboratory,ห้องปฏิบัติการอิเล็กทรอนิกส์,from_source,include,,
LC3_130,130,room,1,1043,336,lc3-floor-1,1083,376,LC3-130,room,storage,ห้องเก็บของ,from_source,include,,
LC3_131,131,room,1,1063,337,lc3-floor-1,1103,377,LC3-131,room,storage,ห้องเก็บของ,from_source,include,,
LC3_132,132,room,1,1098,364,lc3-floor-1,1138,404,LC3-132,room,utility,ห้องควบคุมไฟฟ้า,from_source,include,,
LC3_135,135,room,1,1089,173,lc3-floor-1,1129,213,LC3-135,room,unknown,,pending_survey,include,missing_thai_name_verify_on_site,needs_field_validation
LC3_136,136,room,1,1020,54,lc3-floor-1,1060,94,LC3-136,room,faculty_office,ห้องพักอาจารย์ (ฟิสิกส์),from_source,include,,
LC3_137/1,137/1,room,1,976,63,lc3-floor-1,1016,103,LC3-137/1,room,research_room,ห้องวิจัยฟิสิกส์,from_source,include,,
LC3_137/2,137/2,room,1,914,63,lc3-floor-1,954,103,LC3-137/2,room,research_room,ห้องวิจัยฟิสิกส์,from_source,include,,
LC3_137/3,137/3,room,1,846,63,lc3-floor-1,886,103,LC3-137/3,room,research_room,ห้องวิจัยฟิสิกส์,from_source,include,,
LC3_138,138,room,1,793,62,lc3-floor-1,833,102,LC3-138,room,faculty_office,ห้องพักอาจารย์ (ฟิสิกส์),from_source,include,,
LC3_139,139,room,1,762,47,lc3-floor-1,802,87,LC3-139,room,research_room,ห้องวิจัยฟิสิกส์,from_source,include,,
LC3_140,140,room,1,740,94,lc3-floor-1,780,134,LC3-140,room,laboratory,ห้องปฏิบัติการอิเล็กทรอนิกส์,from_source,include,,
LC3_141,141,room,1,681,169,lc3-floor-1,721,209,LC3-141,room,laboratory,ห้องปฏิบัติการอิเล็กทรอนิกส์,from_source,include,,
LC3_F2_entry-1,entry-1,entrance,2,177,173,,,,,,,,,exclude_out_of_scope,routing_topology_out_of_v1_scope,
LC3_F2_entry-2,entry-2,entrance,2,302,173,,,,,,,,,exclude_out_of_scope,routing_topology_out_of_v1_scope,
LC3_F2_entry-3,entry-3,entrance,2,334,173,,,,,,,,,exclude_out_of_scope,routing_topology_out_of_v1_scope,
LC3_F2_entry-4,entry-4,entrance,2,421,235,,,,,,,,,exclude_out_of_scope,routing_topology_out_of_v1_scope,
LC3_F2_entry-5,entry-5,entrance,2,489,282,,,,,,,,,exclude_out_of_scope,routing_topology_out_of_v1_scope,
LC3_F2_entry-6,entry-6,entrance,2,573,283,,,,,,,,,exclude_out_of_scope,routing_topology_out_of_v1_scope,
LC3_F2_entry-7,entry-7,entrance,2,574,408,,,,,,,,,exclude_out_of_scope,routing_topology_out_of_v1_scope,
LC3_F2_entry-8,entry-8,entrance,2,642,235,,,,,,,,,exclude_out_of_scope,routing_topology_out_of_v1_scope,
LC3_F2_entry-9,entry-9,entrance,2,765,173,,,,,,,,,exclude_out_of_scope,routing_topology_out_of_v1_scope,
LC3_F2_entry-10,entry-10,entrance,2,873,173,,,,,,,,,exclude_out_of_scope,routing_topology_out_of_v1_scope,
LC3_F2_entry-11,entry-11,entrance,2,969,167,,,,,,,,,exclude_out_of_scope,routing_topology_out_of_v1_scope,
LC3_F2_entry-12,entry-12,entrance,2,944,187,,,,,,,,,exclude_out_of_scope,routing_topology_out_of_v1_scope,
LC3_F2_entry-13,entry-13,entrance,2,944,225,,,,,,,,,exclude_out_of_scope,routing_topology_out_of_v1_scope,
LC3_F2_entry-14,entry-14,entrance,2,945,372,,,,,,,,,exclude_out_of_scope,routing_topology_out_of_v1_scope,
LC3_F2_entry-15,entry-15,entrance,2,966,372,,,,,,,,,exclude_out_of_scope,routing_topology_out_of_v1_scope,
LC3_F2_entry-16,entry-16,entrance,2,982,372,,,,,,,,,exclude_out_of_scope,routing_topology_out_of_v1_scope,
LC3_F2_entry-17,entry-17,entrance,2,1033,450,,,,,,,,,exclude_out_of_scope,routing_topology_out_of_v1_scope,
LC3_F2_entry-18,entry-18,entrance,2,881,450,,,,,,,,,exclude_out_of_scope,routing_topology_out_of_v1_scope,
LC3_F2_entry-19,entry-19,entrance,2,807,450,,,,,,,,,exclude_out_of_scope,routing_topology_out_of_v1_scope,
LC3_F2_entry-20,entry-20,entrance,2,688,450,,,,,,,,,exclude_out_of_scope,routing_topology_out_of_v1_scope,
LC3_F2_entry-21,entry-21,entrance,2,750,502,,,,,,,,,exclude_out_of_scope,routing_topology_out_of_v1_scope,
LC3_F2_entry-22,entry-22,entrance,2,750,475,,,,,,,,,exclude_out_of_scope,routing_topology_out_of_v1_scope,
LC3_F2_entry-23,entry-23,entrance,2,750,527,,,,,,,,,exclude_out_of_scope,routing_topology_out_of_v1_scope,
LC3_F2_entry-24,entry-24,entrance,2,750,556,,,,,,,,,exclude_out_of_scope,routing_topology_out_of_v1_scope,
LC3_F2_entry-25,entry-25,entrance,2,666,502,,,,,,,,,exclude_out_of_scope,routing_topology_out_of_v1_scope,
LC3_F2_entry-26,entry-26,entrance,2,666,476,,,,,,,,,exclude_out_of_scope,routing_topology_out_of_v1_scope,
LC3_F2_entry-27,entry-27,entrance,2,666,527,,,,,,,,,exclude_out_of_scope,routing_topology_out_of_v1_scope,
LC3_F2_entry-28,entry-28,entrance,2,666,555,,,,,,,,,exclude_out_of_scope,routing_topology_out_of_v1_scope,
LC3_F2_entry-29,entry-29,entrance,2,344,450,,,,,,,,,exclude_out_of_scope,routing_topology_out_of_v1_scope,
LC3_F2_entry-30,entry-30,entrance,2,114,222,,,,,,,,,exclude_out_of_scope,routing_topology_out_of_v1_scope,
LC3_F2_entry-31,entry-31,entrance,2,114,198,,,,,,,,,exclude_out_of_scope,routing_topology_out_of_v1_scope,
LC3_F2_entry-32,entry-32,entrance,2,88,173,,,,,,,,,exclude_out_of_scope,routing_topology_out_of_v1_scope,
LC3_entey-33,entry-33,entrance,2,54,191,,,,,,,,,exclude_out_of_scope,routing_topology_out_of_v1_scope,
LC3_entry-34,entry-34,entrance,2,335,66,,,,,,,,,exclude_out_of_scope,routing_topology_out_of_v1_scope,
LC3_entry-35,entry-35,entrance,2,452,450,,,,,,,,,exclude_out_of_scope,routing_topology_out_of_v1_scope,
LC3_entry-36,entry-36,entrance,2,613,450,,,,,,,,,exclude_out_of_scope,routing_topology_out_of_v1_scope,
LC3_entry-37,entry-37,entrance,2,868,471,,,,,,,,,exclude_out_of_scope,routing_topology_out_of_v1_scope,
LC3_entry-38,entry-38,entrance,2,1005,450,,,,,,,,,exclude_out_of_scope,routing_topology_out_of_v1_scope,
LC3_entry-39,entry-39,entrance,2,944,167,,,,,,,,,exclude_out_of_scope,routing_topology_out_of_v1_scope,
LC3_entry-40,entry-40,entrance,2,1047,158,,,,,,,,,exclude_out_of_scope,routing_topology_out_of_v1_scope,
LC3_entry-41,entry-41,entrance,2,873,64,,,,,,,,,exclude_out_of_scope,routing_topology_out_of_v1_scope,
LC3_entry-42,entry-42,entrance,2,765,64,,,,,,,,,exclude_out_of_scope,routing_topology_out_of_v1_scope,
LC3_entry-43,entry-43,entrance,2,642,65,,,,,,,,,exclude_out_of_scope,routing_topology_out_of_v1_scope,
LC3_hallway_TLLF,hallway_TLLF,junction,2,114,374,,,,,,,,,exclude_out_of_scope,routing_topology_out_of_v1_scope,
LC3_hallway_TLLM,hallway_TLLM,junction,2,114,318,,,,,,,,,exclude_out_of_scope,routing_topology_out_of_v1_scope,
LC3_hallway_TLRF,hallway_TLRF,junction,2,945,320,,,,,,,,,exclude_out_of_scope,routing_topology_out_of_v1_scope,
LC3_F2_hallway-1,hallway-1,junction,2,114,173,,,,,,,,,exclude_out_of_scope,routing_topology_out_of_v1_scope,
LC3_F2_hallway-2,hallway-2,junction,2,392,173,,,,,,,,,exclude_out_of_scope,routing_topology_out_of_v1_scope,
LC3_F2_hallway-3,hallway-3,junction,2,392,235,,,,,,,,,exclude_out_of_scope,routing_topology_out_of_v1_scope,
LC3_hallway-4,hallway-4,junction,2,489,235,,,,,,,,,exclude_out_of_scope,routing_topology_out_of_v1_scope,
LC3_F2_hallway-5,hallway-5,junction,2,531,235,,,,,,,,,exclude_out_of_scope,routing_topology_out_of_v1_scope,
LC3_F2_hallway-6,hallway-6,junction,2,573,235,,,,,,,,,exclude_out_of_scope,routing_topology_out_of_v1_scope,
LC3_F2_hallway-7,hallway-7,junction,2,670,235,,,,,,,,,exclude_out_of_scope,routing_topology_out_of_v1_scope,
LC3_F2_hallway-8,hallway-8,junction,2,670,173,,,,,,,,,exclude_out_of_scope,routing_topology_out_of_v1_scope,
LC3_F2_hallway-9,hallway-9,junction,2,944,173,,,,,,,,,exclude_out_of_scope,routing_topology_out_of_v1_scope,
LC3_hallway-10,hallway-10,junction,2,945,353,,,,,,,,,exclude_out_of_scope,routing_topology_out_of_v1_scope,
LC3_F2_hallway-11,hallway-11,junction,2,967,353,,,,,,,,,exclude_out_of_scope,routing_topology_out_of_v1_scope,
LC3_hallway-12,hallway-12,junction,2,945,450,,,,,,,,,exclude_out_of_scope,routing_topology_out_of_v1_scope,
LC3_F2_hallway-13,hallway-13,junction,2,574,450,,,,,,,,,exclude_out_of_scope,routing_topology_out_of_v1_scope,
LC3_F2_hallway-14,hallway-14,junction,2,489,450,,,,,,,,,exclude_out_of_scope,routing_topology_out_of_v1_scope,
LC3_F2_hallway-15,hallway-15,junction,2,115,451,,,,,,,,,exclude_out_of_scope,routing_topology_out_of_v1_scope,
LC3_hallway-16,hallway-16,junction,2,114,340,,,,,,,,,exclude_out_of_scope,routing_topology_out_of_v1_scope,
LC3_hallway-QR5,hallway-QR5,junction,2,516,235,,,,,,,,,exclude_out_of_scope,routing_topology_out_of_v1_scope,
LC3_hallway-QR8,hallway-QR8,junction,2,978,450,,,,,,,,,exclude_out_of_scope,routing_topology_out_of_v1_scope,
LC3_QR5,QR5,room,2,516,217,,,,,,,,,exclude_out_of_scope,qr_anchor_not_a_room,
LC3_QR6,QR6,room,2,122,340,,,,,,,,,exclude_out_of_scope,qr_anchor_not_a_room,
LC3_QR7,QR7,room,2,939,320,,,,,,,,,exclude_out_of_scope,qr_anchor_not_a_room,
LC3_QR8,QR8,room,2,978,444,,,,,,,,,exclude_out_of_scope,qr_anchor_not_a_room,
LC3_LFTL,LFTL,facility,2,33,374,lc3-floor-2,31,337,,poi,toilet,ห้องน้ำหญิง (ฝั่งซ้าย),inferred,include,,
LC3_LMTL,LMTL,facility,2,33,318,lc3-floor-2,31,281,,poi,toilet,ห้องน้ำชาย (ฝั่งซ้าย),inferred,include,,
LC3_RFTL,RFTL,facility,2,1023,320,lc3-floor-2,1021,283,,poi,toilet,ห้องน้ำหญิง (ฝั่งขวา),inferred,include,,
LC3_RMTL,RMTL,facility,2,1024,372,lc3-floor-2,1022,335,,poi,toilet,ห้องน้ำชาย (ฝั่งขวา),inferred,include,,
LC3_F2_stair-1,stair-1,stairs,2,91,340,lc3-floor-2,89,303,,poi,stairs,บันได 1,inferred,include,,
LC3_F2_stair-2,stair-2,stairs,2,531,265,lc3-floor-2,529,228,,poi,stairs,บันได 2,inferred,include,,
LC3_F2_stair-3,stair-3,stairs,2,986,353,lc3-floor-2,984,316,,poi,stairs,บันได 3,inferred,include,,
LC3_F2_201,201,room,2,454,282,lc3-floor-2,452,245,LC3-201,room,department_office,ห้องสำนักงานภาควิชาคณิตศาสตร์และสถิติ,from_source,include,,
LC3_F2_203,203,room,2,421,205,lc3-floor-2,419,168,LC3-203,room,laboratory,ห้องปฏิบัติการระบบบำบัดน้ำเสีย,from_source,include,,
LC3_F2_204,204,room,2,421,66,lc3-floor-2,419,29,LC3-204,room,laboratory,ห้องเตรียมปฏิบัติการระบบบำบัดน้ำเสีย,from_source,include,,
LC3_F2_205,205,room,2,334,151,lc3-floor-2,332,114,LC3-205,room,laboratory,ห้องปฏิบัติการนิเวศวิทยาและสิ่งแวดล้อมศิลปกรรม,from_source,include,,
LC3_F2_206,206,room,2,302,143,lc3-floor-2,300,106,LC3-206,room,laboratory,ห้องปฏิบัติการนิเวศวิทยาทางทะเล ชายฝั่ง และน้ำกร่อย,from_source,include,,
LC3_F2_207,207,room,2,204,143,lc3-floor-2,202,106,LC3-207,room,laboratory,ห้องเตรียมปฏิบัติการด้านชีววิทยาทางทะเล,from_source,include,,
LC3_F2_208,208,room,2,177,143,lc3-floor-2,175,106,LC3-208,room,laboratory,ห้องปฏิบัติการด้านชีววิทยาทางทะเล,from_source,include,,
LC3_F2_209,209,room,2,88,144,lc3-floor-2,86,107,LC3-209,room,laboratory,ห้องปฏิบัติการวิทยาศาสตร์สิ่งแวดล้อมทางดิน,from_source,include,,
LC3_F2_210/1,210/1,room,2,54,173,lc3-floor-2,52,136,LC3-210/1,room,unknown,,pending_survey,include,missing_thai_name_verify_on_site,needs_field_validation
LC3_F2_211/1,211/1,room,2,18,173,lc3-floor-2,16,136,LC3-211/1,room,unknown,,pending_survey,include,missing_thai_name_verify_on_site,needs_field_validation
LC3_F2_211/2,211/2,room,2,25,191,lc3-floor-2,23,154,LC3-211/2,room,unknown,,pending_survey,include,missing_thai_name_verify_on_site,needs_field_validation
LC3_F2_212,212,room,2,88,198,lc3-floor-2,86,161,LC3-212,room,laboratory,ห้องเตรียมปฏิบัติการวิเคราะห์คุณภาพน้ำจืด,from_source,include,,
LC3_F2_213,213,room,2,54,222,lc3-floor-2,52,185,LC3-213,room,laboratory,ห้องปฏิบัติการวิเคราะห์คุณภาพน้ำจืด,from_source,include,,
LC3_F2_217,217,room,2,71,451,lc3-floor-2,69,414,LC3-217,room,faculty_office,ห้องพักอาจารย์ (คณิตศาสตร์และสถิติ และภาคอื่นๆ),from_source,include,,
LC3_F2_220,220,room,2,344,467,lc3-floor-2,342,430,LC3-220,room,faculty_office,ห้องพักอาจารย์ (คณิตศาสตร์และสถิติ),from_source,include,,
LC3_F2_221,221,room,2,452,468,lc3-floor-2,450,431,LC3-221,room,student_room,ห้องพักนักศึกษาระดับบัณฑิตศึกษา (วิทยาศาสตร์สิ่งแวดล้อม),from_source,include,,
LC3_F2_222,222,room,2,613,473,lc3-floor-2,611,436,LC3-222,room,laboratory,ห้องปฏิบัติการทางคณิตศาสตร์และสถิติ,from_source,include,,
LC3_F2_223/1,223/1,room,2,651,476,lc3-floor-2,649,439,LC3-223/1,room,faculty_office,ห้องพักอาจารย์ (วิทยาศาสตร์สิ่งแวดล้อม),from_source,include,,
LC3_F2_223/2,223/2,room,2,651,502,lc3-floor-2,649,465,LC3-223/2,room,faculty_office,ห้องพักอาจารย์ (วิทยาศาสตร์สิ่งแวดล้อม),from_source,include,,
LC3_F2_223/3,223/3,room,2,650,527,lc3-floor-2,648,490,LC3-223/3,room,faculty_office,ห้องพักอาจารย์ (วิทยาศาสตร์สิ่งแวดล้อม),from_source,include,,
LC3_F2_223/4,223/4,room,2,650,555,lc3-floor-2,648,518,LC3-223/4,room,faculty_office,ห้องพักอาจารย์ (วิทยาศาสตร์สิ่งแวดล้อม),from_source,include,,
LC3_F2_223/5,223/5,room,2,684,527,lc3-floor-2,682,490,LC3-223/5,room,faculty_office,ห้องพักอาจารย์ (วิทยาศาสตร์สิ่งแวดล้อม),from_source,include,,
LC3_F2_223/6,223/6,room,2,683,555,lc3-floor-2,681,518,LC3-223/6,room,faculty_office,ห้องพักอาจารย์ (วิทยาศาสตร์สิ่งแวดล้อม),from_source,include,,
LC3_F2_223/7,223/7,room,2,735,527,lc3-floor-2,733,490,LC3-223/7,room,faculty_office,ห้องพักอาจารย์ (วิทยาศาสตร์สิ่งแวดล้อม),from_source,include,,
LC3_F2_223/8,223/8,room,2,732,556,lc3-floor-2,730,519,LC3-223/8,room,faculty_office,ห้องพักอาจารย์ (วิทยาศาสตร์สิ่งแวดล้อม),from_source,include,,
LC3_F2_223/9,223/9,room,2,766,475,lc3-floor-2,764,438,LC3-223/9,room,faculty_office,ห้องพักอาจารย์ (วิทยาศาสตร์สิ่งแวดล้อม),from_source,include,,
LC3_F2_223/10,223/10,room,2,767,502,lc3-floor-2,765,465,LC3-223/10,room,faculty_office,ห้องพักอาจารย์ (วิทยาศาสตร์สิ่งแวดล้อม),from_source,include,,
LC3_F2_223/11,223/11,room,2,768,527,lc3-floor-2,766,490,LC3-223/11,room,faculty_office,ห้องพักอาจารย์ (วิทยาศาสตร์สิ่งแวดล้อม),from_source,include,,
LC3_F2_223/12,223/12,room,2,769,556,lc3-floor-2,767,519,LC3-223/12,room,faculty_office,ห้องพักอาจารย์ (วิทยาศาสตร์สิ่งแวดล้อม),from_source,include,,
LC3_F2_224,224,room,2,688,502,lc3-floor-2,686,465,LC3-224,room,laboratory,ห้องปฏิบัติการคอมพิวเตอร์ (วิทยาศาสตร์สิ่งแวดล้อม),from_source,include,,
LC3_F2_225,225,room,2,807,471,lc3-floor-2,805,434,LC3-225,room,meeting_room,ห้องประชุมภาควิชาคณิตศาสตร์และสถิติ,from_source,include,,
LC3_F2_226/1,226/1,room,2,868,495,lc3-floor-2,866,458,LC3-226/1,room,utility,ห้องควบคุม,from_source,include,,
LC3_F2_226/2,226/2,room,2,881,471,lc3-floor-2,879,434,LC3-226/2,room,utility,ห้องควบคุม,from_source,include,,
LC3_F2_227,227,room,2,945,470,lc3-floor-2,943,433,LC3-227,room,seminar_room,ห้องสัมมนาภาควิชาคณิตศาสตร์และสถิติ,from_source,include,,
LC3_F2_227/1,227/1,room,2,1033,469,lc3-floor-2,1031,432,LC3-227/1,room,seminar_room,ห้องสัมมนาภาควิชาคณิตศาสตร์และสถิติ,from_source,include,,
LC3_F2_228,228,room,2,966,389,lc3-floor-2,964,352,LC3-228,room,storage,ห้องเก็บของ,from_source,include,,
LC3_F2_229,229,room,2,982,390,lc3-floor-2,980,353,LC3-229,room,storage,ห้องเก็บของ,from_source,include,,
LC3_F2_230,230,room,2,1005,437,lc3-floor-2,1003,400,LC3-230,room,lecture_room,ห้องประชุม/บรรยาย 1,from_source,include,,
LC3_F2_233,233,room,2,967,225,lc3-floor-2,965,188,LC3-233,room,lecture_room,ห้องบรรยาย 2,from_source,include,,
LC3_F2_234,234,room,2,1047,168,lc3-floor-2,1045,131,LC3-234,room,lecture_room,ห้องประชุม/บรรยาย 3,from_source,include,,
LC3_F2_234/1,234/1,room,2,966,187,lc3-floor-2,964,150,LC3-234/1,room,lecture_room,ห้องประชุม/บรรยาย 3,from_source,include,,
LC3_F2_235/1,235/1,room,2,1019,158,lc3-floor-2,1017,121,LC3-235/1,room,laboratory,ห้องปฏิบัติการนิเวศวิทยาน้ำจืด,from_source,include,,
LC3_F2_235/2,235/2,room,2,969,158,lc3-floor-2,967,121,LC3-235/2,room,laboratory,ห้องปฏิบัติการนิเวศวิทยาน้ำจืด,from_source,include,,
LC3_F2_235/3,235/3,room,2,969,147,lc3-floor-2,967,110,LC3-235/3,room,laboratory,ห้องปฏิบัติการนิเวศวิทยาน้ำจืด,from_source,include,,
LC3_F2_236/1,236/1,room,2,873,147,lc3-floor-2,871,110,LC3-236/1,room,laboratory,ห้องปฏิบัติการชุมชน/เมือง,from_source,include,,
LC3_F2_236/2,236/2,room,2,873,113,lc3-floor-2,871,76,LC3-236/2,room,department_office,ห้องสำนักงานภาควิชาวิทยาศาสตร์สิ่งแวดล้อม,from_source,include,,
LC3_F2_236/3,236/3,room,2,944,154,lc3-floor-2,942,117,LC3-236/3,room,department_office,ห้องสำนักงานภาควิชาวิทยาศาสตร์สิ่งแวดล้อม,from_source,include,,
LC3_F2_237,237,room,2,856,64,lc3-floor-2,854,27,LC3-237,room,faculty_office,ห้องพักอาจารย์และเตรียมปฏิบัติการนิเวศวิทยาป่าไม้,from_source,include,,
LC3_F2_238,238,room,2,765,151,lc3-floor-2,763,114,LC3-238,room,laboratory,ห้องปฏิบัติการนิเวศวิทยาป่าไม้,from_source,include,,
LC3_F2_239,239,room,2,670,65,lc3-floor-2,668,28,LC3-239,room,laboratory,ห้องปฏิบัติการมลพิษทางอากาศและเสียง,from_source,include,,
LC3_F2_240,240,room,2,642,114,lc3-floor-2,640,77,LC3-240,room,laboratory,ห้องปฏิบัติการเครื่องมือวิเคราะห์โลหะหนัก (AAS),from_source,include,,
LC3_F2_241,241,room,2,642,214,lc3-floor-2,640,177,LC3-241,room,laboratory,ห้องปฏิบัติการวิเคราะห์น้ำและน้ำเสีย,from_source,include,,
LC3_F2_243/1,243/1,room,2,604,283,lc3-floor-2,602,246,LC3-243/1,room,laboratory,ห้องปฏิบัติการด้านแบคทีเรีย,from_source,include,,
LC3_F2_243/2,243/2,room,2,605,408,lc3-floor-2,603,371,LC3-243/2,room,laboratory,ห้องปฏิบัติการพิษวิทยาสิ่งแวดล้อม,from_source,include,,
